,Predicted Data,Actual values,Difference
0,40817.783270488115,37731.0,3086.783270488115
1,123188.08258899227,122391.0,797.0825889922708
2,65154.46261459161,57081.0,8073.462614591612
3,63282.410357352885,63218.0,64.4103573528846
4,115699.87356003733,116969.0,-1269.126439962667
5,108211.66453108241,109431.0,-1219.3354689175903
6,116635.8996886567,112635.0,4000.899688656704
7,64218.43648597225,55794.0,8424.436485972248
8,76386.776158024,83088.0,-6701.223841975996
